month,from_ccy,to_ccy,rate,rate_source
2024-09,EUR,GBP,0.846492,"ECB reference rate, month-end"
2024-09,USD,GBP,0.790228,"ECB reference rate, month-end"
2024-09,SEK,GBP,0.074488,"ECB reference rate, month-end"
2024-10,EUR,GBP,0.849186,"ECB reference rate, month-end"
2024-10,USD,GBP,0.791504,"ECB reference rate, month-end"
2024-10,SEK,GBP,0.072826,"ECB reference rate, month-end"
2024-11,EUR,GBP,0.849425,"ECB reference rate, month-end"
2024-11,USD,GBP,0.783534,"ECB reference rate, month-end"
2024-11,SEK,GBP,0.073498,"ECB reference rate, month-end"
2024-12,EUR,GBP,0.848434,"ECB reference rate, month-end"
2024-12,USD,GBP,0.794526,"ECB reference rate, month-end"
2024-12,SEK,GBP,0.074468,"ECB reference rate, month-end"
2025-01,EUR,GBP,0.843566,"ECB reference rate, month-end"
2025-01,USD,GBP,0.789465,"ECB reference rate, month-end"
2025-01,SEK,GBP,0.073991,"ECB reference rate, month-end"
2025-02,EUR,GBP,0.842326,"ECB reference rate, month-end"
2025-02,USD,GBP,0.794607,"ECB reference rate, month-end"
2025-02,SEK,GBP,0.074334,"ECB reference rate, month-end"
2025-03,EUR,GBP,0.834144,"ECB reference rate, month-end"
2025-03,USD,GBP,1.257692,"ECB reference rate, month-end"
2025-03,SEK,GBP,0.074296,"ECB reference rate, month-end"
2025-04,EUR,GBP,0.832495,"ECB reference rate, month-end"
2025-04,USD,GBP,0.790369,"ECB reference rate, month-end"
2025-04,SEK,GBP,0.073995,"ECB reference rate, month-end"
2025-05,EUR,GBP,0.828098,"ECB reference rate, month-end"
2025-05,USD,GBP,0.791457,"ECB reference rate, month-end"
2025-05,SEK,GBP,0.075008,"ECB reference rate, month-end"
2025-06,EUR,GBP,0.830808,"ECB reference rate, month-end"
2025-06,USD,GBP,0.792843,"ECB reference rate, month-end"
2025-06,SEK,GBP,0.075736,"ECB reference rate, month-end"
2025-07,EUR,GBP,0.827663,"ECB reference rate, month-end"
2025-07,USD,GBP,0.797306,"ECB reference rate, month-end"
2025-07,SEK,GBP,0.075715,"ECB reference rate, month-end"
2025-08,EUR,GBP,0.824178,"ECB reference rate, month-end"
2025-08,USD,GBP,0.800935,"ECB reference rate, month-end"
2025-08,SEK,GBP,0.076345,"ECB reference rate, month-end"
2025-09,EUR,GBP,0.829252,"ECB reference rate, month-end"
2025-09,USD,GBP,0.797693,"ECB reference rate, month-end"
2025-09,SEK,GBP,0.076942,"ECB reference rate, month-end"
2025-10,EUR,GBP,0.828856,"ECB reference rate, month-end"
2025-10,USD,GBP,0.797229,"ECB reference rate, month-end"
2025-10,SEK,GBP,0.076153,"ECB reference rate, month-end"
2025-11,EUR,GBP,0.826385,"ECB reference rate, month-end"
2025-11,USD,GBP,0.797832,"ECB reference rate, month-end"
2025-11,SEK,GBP,0.077031,"ECB reference rate, month-end"
2025-12,EUR,GBP,0.827478,"ECB reference rate, month-end"
2025-12,USD,GBP,0.797481,"ECB reference rate, month-end"
2025-12,SEK,GBP,0.077193,"ECB reference rate, month-end"
2026-01,EUR,GBP,0.824206,"ECB reference rate, month-end"
2026-01,USD,GBP,0.78028,"ECB reference rate, month-end"
2026-01,SEK,GBP,0.076945,"ECB reference rate, month-end"
2026-02,EUR,GBP,0.823232,"ECB reference rate, month-end"
2026-02,USD,GBP,0.78802,"ECB reference rate, month-end"
2026-02,SEK,GBP,0.0775,"ECB reference rate, month-end"
2026-03,EUR,GBP,0.82749,"ECB reference rate, month-end"
2026-03,USD,GBP,0.794676,"ECB reference rate, month-end"
2026-03,SEK,GBP,0.077879,"ECB reference rate, month-end"
2026-04,EUR,GBP,0.826942,"ECB reference rate, month-end"
2026-04,USD,GBP,0.808987,"ECB reference rate, month-end"
2026-04,SEK,GBP,0.077034,"ECB reference rate, month-end"
2026-05,EUR,GBP,0.821993,"ECB reference rate, month-end"
2026-05,USD,GBP,0.803945,"ECB reference rate, month-end"
2026-05,SEK,GBP,0.077588,"ECB reference rate, month-end"
2026-06,EUR,GBP,0.818447,"ECB reference rate, month-end"
2026-06,USD,GBP,0.806195,"ECB reference rate, month-end"
2026-06,SEK,GBP,0.078173,"ECB reference rate, month-end"
2026-07,EUR,GBP,0.820603,"ECB reference rate, month-end"
2026-07,USD,GBP,0.804283,"ECB reference rate, month-end"
2026-07,SEK,GBP,0.078865,"ECB reference rate, month-end"
2026-08,EUR,GBP,0.820762,"ECB reference rate, month-end"
2026-08,USD,GBP,0.796225,"ECB reference rate, month-end"
