company_code,period_month,period_end_date,currency,revenue,arr,gross_churn_pct,headcount,source_extract_date
BRV,2024-09,2024-09-30,SEK,27837836,296890371,0.0126,207,2024-10-08
KOR,2024-09,2024-09-30,EUR,1619425,18073990,0.58,140,2024-10-08
LUM,2024-09,2024-09-30,GBP,3607766,41218224,0.41,310,2024-10-08
PEL,2024-09,2024-09-30,GBP,880478,8957653,1.42,95,2024-10-08
TLR,2024-09,2024-09-30,GBP,2877325,21634517,1.32,400,2024-10-08
CAS,2024-09,2024-09-30,USD,8435421,92413809,0.83,640,2024-10-10
NIM,2024-09,2024-09-30,GBP,1242694,14307850,0.65,116,2024-10-10
ORQ,2024-09,2024-09-30,EUR,6037609,63808252,1.32,517,2024-10-10
VEL,2024-09,2024-09-30,EUR,2423406,27309048,0.69,190,2024-10-10
CAS,2024-10,2024-10-31,USD,8715495,93590523,0.99,640,2024-11-06
KOR,2024-10,2024-10-31,EUR,1598671,18425965,0.71,140,2024-11-07
TLR,2024-10,2024-10-31,GBP,2816578,21742710,1.56,399,2024-11-07
VEL,2024-10,2024-10-31,EUR,2328141,27536354,0.57,189,2024-11-07
BRV,2024-10,2024-10-31,SEK,28868483,302717572,0.0104,207,2024-11-08
LUM,2024-10,2024-10-31,GBP,3752258,41191665,0.61,308,2024-11-08
PEL,2024-10,2024-10-31,GBP,881601,9005109,1.37,95,2024-11-08
ORQ,2024-10,2024-10-31,EUR,6112475,64316235,0.97,517,2024-11-09
NIM,2024-10,2024-10-31,GBP,1238984,14620358,0.22,116,2024-11-10
BRV,2024-11,2024-11-30,SEK,28247826,306732542,0.0088,208,2024-12-06
KOR,2024-11,2024-11-30,EUR,1685067,18819906,0.62,140,2024-12-06
LUM,2024-11,2024-11-30,GBP,3731768,41820222,0.73,309,2024-12-06
LUM,2024-11,2024-11-30,GBP,3731768,41820222,0.73,309,2024-12-06
ORQ,2024-11,2024-11-30,EUR,6345193,64559241,1.1,517,2024-12-06
NIM,2024-11,2024-11-30,GBP,1287823,14884532,0.42,117,2024-12-07
TLR,2024-11,2024-11-30,GBP,2728061,21704349,1.45,398,2024-12-08
VEL,2024-11,2024-11-30,EUR,2465950,28104612,0.64,190,2024-12-08
CAS,2024-11,2024-11-30,USD,8724131,95267336,0.84,641,2024-12-10
PEL,2024-11,2024-11-30,GBP,931872,9079300,1.5,95,2024-12-10
NIM,2024-12,2024-12-31,GBP,1354373,15139798,0.63,118,2025-01-06
VEL,2024-12,2024-12-31,EUR,2675462,28783504,0.63,192,2025-01-06
BRV,2024-12,2024-12-31,SEK,30130762,311523746,0.0106,209,2025-01-07
ORQ,2024-12,2024-12-31,EUR,6798805,65637480,1.07,520,2025-01-07
KOR,2024-12,2024-12-31,EUR,1863428,19160668,1.02,140,2025-01-08
LUM,2024-12,2024-12-31,GBP,4087607,42330773,0.88,309,2025-01-08
TLR,2024-12,2024-12-31,GBP,3095965,21770877,1.34,398,2025-01-08
PEL,2024-12,2024-12-31,GBP,982029,9165658,1.34,96,2025-01-09
CAS,2024-12,2024-12-31,USD,9429795,96564235,0.83,644,2025-01-10
CAS,2025-01,2025-01-31,USD,8814278,98596266,0.89,649,2025-02-06
PEL,2025-01,2025-01-31,GBP,860877,9198114,1.37,96,2025-02-06
kor,2025-01,2025-01-31,EUR,1598963,19532008,0.67,140,2025-02-06
NIM,2025-01,2025-01-31,GBP,1289117,15442319,0.63,119,2025-02-07
ORQ,2025-01,2025-01-31,EUR,5970245,65670389,0.9,522,2025-02-07
BRV,2025-01,2025-01-31,SEK,27959083,318977018,0.0086,211,2025-02-08
TLR,2025-01,2025-01-31,GBP,2792628,21930336,1.21,399,2025-02-08
LUM,2025-01,2025-01-31,GBP,3755376,43262502,0.81,312,2025-02-10
VEL,2025-01,2025-01-31,EUR,2517986,29256333,0.67,194,2025-02-10
LUM,2025-02,2025-02-28,GBP,3676297,43463848,0.67,314,2025-03-07
TLR,2025-02,2025-02-28,GBP,2922407,21876951,1.44,399,2025-03-07
CAS,2025-02,2025-02-28,USD,9099130,99114895,0.59,653,2025-03-08
PEL,2025-02,2025-02-28,GBP,919300,9259559,1.34,96,2025-03-08
BRV,2025-02,2025-02-28,SEK,30050695,322373302,0.0093,213,2025-03-09
ORQ,2025-02,2025-02-28,EUR,6473876,66703068,1.05,525,2025-03-09
kor,2025-02,2025-02-28,EUR,1721160,20068279,0.77,142,2025-03-09
NIM,2025-02,2025-02-28,GBP,1376066,15710167,0.49,120,2025-03-10
VEL,2025-02,2025-02-28,EUR,2610868,29874652,0.86,196,2025-03-10
kor,2025-03,2025-03-31,EUR,1888982,20595016,0.79,144,2025-04-06
NIM,2025-03,2025-03-31,GBP,1455559,16044834,0.63,121,2025-04-07
VEL,2025-03,2025-03-31,EUR,2849833,30444416,0.71,196,2025-04-07
BRV,2025-03,2025-03-31,SEK,32293454,328277111,0.0122,215,2025-04-08
LUM,2025-03,2025-03-31,GBP,4189322,44127359,0.74,317,2025-04-08
TLR,2025-03,2025-03-31,GBP,3000283,21986228,1.54,399,2025-04-08
CAS,2025-03,2025-03-31,USD,9598866,100759065,0.9,658,2025-04-09
ORQ,2025-03,2025-03-31,EUR,6628554,66960772,1.2,525,2025-04-10
TLR,2025-04,2025-04-30,GBP,2829524,22186389,1.14,399,2025-05-06
BRV,2025-04,2025-04-30,SEK,30732900,335122441,0.0104,218,2025-05-07
LUM,2025-04,2025-04-30,GBP,4079595,44663815,0.84,319,2025-05-07
NIM,2025-04,2025-04-30,GBP,1446253,16450172,0.75,123,2025-05-08
NIM,2025-04,2025-04-30,GBP,1446253,16450172,0.75,123,2025-05-08
ORQ,2025-04,2025-04-30,EUR,6313411,67651234,1.18,525,2025-05-08
kor,2025-04,2025-04-30,EUR,1817328,21102679,0.76,147,2025-05-09
CAS,2025-04,2025-04-30,USD,9369050,102926299,1.08,665,2025-05-10
VEL,2025-04,2025-04-30,EUR,2732784,31133848,0.63,196,2025-05-10
KOR,2025-05,2025-05-31,EUR,1854615,21445648,0.68,149,2025-06-06
LUM,2025-05,2025-05-31,GBP,4247318,45241620,0.74,322,2025-06-06
ORQ,2025-05,2025-05-31,,6691689,68363852,1.19,525,2025-06-06
TAL,2025-05,2025-05-31,GBP,3027901,22480965,1.49,402,2025-06-07
BRV,2025-05,2025-05-31,SEK,32246389,340934791,0.0102,220,2025-06-08
CAS,2025-05,2025-05-31,USD,9855533,105634919,0.98,674,2025-06-09
NIM,2025-05,2025-05-31,GBP,1430187,16701638,0.66,124,2025-06-09
NIM,2025-05,2025-05-31,GBP,1430187,16701638,0.66,124,2025-06-09
VEL,2025-05,2025-05-31,EUR,2818396,31724737,0.62,196,2025-06-10
LUM,2025-06,2025-06-30,GBP,4166419,45752553,0.82,324,2025-07-06
BRV,2025-06,2025-06-30,SEK,32503950,348449733,0.0124,223,2025-07-07
NIM,2025-06,2025-06-30,GBP,1500562,17059100,0.63,126,2025-07-07
NIM,2025-06,2025-06-30,GBP,1500562,17059100,0.63,126,2025-07-07
CAS,2025-06,2025-06-30,USD,9643494,107497494,1.08,682,2025-07-08
KOR,2025-06,2025-06-30,EUR,1869941,21881578,0.71,151,2025-07-08
ORQ,2025-06,2025-06-30,,6660875,69418004,1.04,525,2025-07-08
TAL,2025-06,2025-06-30,GBP,3045136,22535217,1.2,404,2025-07-08
VEL,2025-06,2025-06-30,EUR,2716290,32594873,0.65,196,2025-07-10
CAS,2025-07,2025-07-31,USD,10141274,109132884,0.76,689,2025-08-08
LUM,2025-07,2025-07-31,GBP,4194834,46521921,1.03,327,2025-08-08
TAL,2025-07,2025-07-31,GBP,2851072,22485994,1.45,405,2025-08-08
NIM,2025-07,2025-07-31,GBP,1424909,17476657,0.31,128,2025-08-09
BRV,2025-07,2025-07-31,SEK,32907328,354813062,0.0109,223,2025-08-10
KOR,2025-07,2025-07-31,EUR,1970599,22506084,0.83,151,2025-08-10
ORQ,2025-07,2025-07-31,EUR,6918360,69993876,1.12,534,2025-08-10
CAS,2025-08,2025-08-31,USD,9676901,110969454,0.98,696,2025-09-06
BRV,2025-08,2025-08-31,SEK,31685303,361899995,0.0124,227,2025-09-07
KOR,2025-08,2025-08-31,EUR,1929243,23170942,0.71,151,2025-09-07
ORQ,2025-08,2025-08-31,EUR,6534998,70488629,1.19,534,2025-09-07
TAL,2025-08,2025-08-31,GBP,2792398,22495405,1.06,405,2025-09-09
LUM,2025-08,2025-08-31,GBP,4049269,46824314,1.03,327,2025-09-10
NIM,2025-08,2025-08-31,GBP,1486971,17987983,0.36,130,2025-09-10
BRV,2025-09,2025-09-30,SEK,34940933,367181116,0.0125,230,2025-10-08
CAS,2025-09,2025-09-30,USD,10033908,112993492,0.88,696,2025-10-08
KOR,2025-09,2025-09-30,EUR,2081127,23596851,0.72,155,2025-10-08
NIM,2025-09,2025-09-30,GBP,1548644,18475048,0.65,1320,2025-10-08
ORQ,2025-09,2025-09-30,EUR,6873818,71220184,1.23,534,2025-10-08
TAL,2025-09,2025-09-30,GBP,2811343,22803608,1.33,407,2025-10-09
VEL,2025-09,2025-09-30,EUR,3117247,34506015,0.53,210,2025-10-09
LUM,2025-09,2025-09-30,GBP,4274477,47271784,0.96,327,2025-10-10
NIM,2025-10,2025-10-31,GBP,1642326,18953637,0.68,132,2025-11-06
VEL,2025-10,2025-11-01,EUR,3069270,35391663,0.5,214,2025-11-06
BRV,2025-10,2025-10-31,SEK,34503903,371648381,0.0109,232,2025-11-07
KOR,2025-10,2025-10-31,EUR,2146921,24183856,0.82,158,2025-11-07
TAL,2025-10,2025-10-31,GBP,2906658,22727804,1.06,407,2025-11-07
LUM,2025-10,2025-10-31,GBP,4392528,47921350,0.83,327,2025-11-08
ORQ,2025-10,2025-10-31,EUR,6788982,72521917,1.29,534,2025-11-08
CAS,2025-10,2025-10-31,US$,10159004,114507658,0.88,696,2025-11-10
CAS,2025-11,2025-11-30,US$,10202321,115259902,0.85,696,2025-12-06
ORQ,2025-11,2025-11-30,EUR,6930641,73615977,1.17,547,2025-12-06
TAL,2025-11,2025-11-30,GBP,2965784,22918396,1.23,408,2025-12-07
LUM,2025-11,2025-11-30,GBP,4441063,48318001,0.68,332,2025-12-08
VEL,2025-11,2025-12-01,EUR,2981963,35880721,0.74,214,2025-12-08
BRV,2025-11,2025-11-30,SEK,35885824,375231795,0.0077,234,2025-12-09
KOR,2025-11,2025-11-30,EUR,2130078,24674575,0.76,161,2025-12-09
NIM,2025-11,2025-11-30,GBP,1695550,19456654,0.73,132,2025-12-09
CAS,2025-12,2025-12-31,US$,11665685,115628070,0.93,696,2026-01-06
KOR,2025-12,2025-12-31,EUR,2378408,25369195,0.58,164,2026-01-06
NIM,2025-12,2025-12-31,GBP,1882195,19910819,0.73,136,2026-01-07
LUM,2025-12,2025-12-31,GBP,4796985,49247103,0.81,337,2026-01-08
ORQ,2025-12,2025-12-31,EUR,7494183,74473787,1.19,556,2026-01-08
VEL,2025-12,2026-01-01,EUR,3502408,36751401,0.82,214,2026-01-08
BRV,2025-12,2025-12-31,SEK,37003709,378853729,0.008,235,2026-01-09
TAL,2025-12,2025-12-31,GBP,3304658,22980163,1.38,409,2026-01-09
TAL,2026-01,2026-01-31,GBP,2806260,23108809,1.2,410,2026-02-07
BRV,2026-01,2026-01-31,SEK,36237837,383507580,0.0063,235,2026-02-08
VEL,2026-01,2026-01-31,EUR,3201354,37356498,0.57,220,2026-02-08
CAS,2026-01,2026-01-31,USD,10699435,117602493,1.22,712,2026-02-09
LUM,2026-01,2026-01-31,GBP,4330980,49737119,0.5,337,2026-02-09
NIM,2026-01,2026-01-31,GBP,1710688,20245500,0.73,139,2026-02-09
KOR,2026-01,2026-01-31,EUR,2241212,26262921,1.01,164,2026-02-10
ORQ,2026-01,2026-01-31,EUR,6871480,74493795,0.74,560,2026-02-10
BRV,2026-02,2026-02-28,SEK,35870125,392632093,0.0099,235,2026-03-06
TAL,2026-02,2026-02-28,GBP,3062073,23283554,1.38,412,2026-03-06
CАS,2026-02,2026-02-28,USD,10819056,119191797,0.79,723,2026-03-08
LUM,2026-02,2026-02-28,GBP,4685013,50680053,0.78,342,2026-03-08
NIM,2026-02,2026-02-28,GBP,1786647,20559662,0.59,141,2026-03-08
KOR,2026-02,2026-02-28,EUR,2315767,26773730,0.62,168,2026-03-09
ORQ,2026-02,2026-02-28,EUR,7301616,75690287,1.3,565,2026-03-09
VEL,2026-02,2026-02-28,EUR,3266144,37933684,0.5,224,2026-03-10
CАS,2026-03,2026-03-31,USD,11484310,120850960,1.0,723,2026-04-08
ORQ,2026-03,2026-03-31,EUR,7186248,75521448,1.16,565,2026-04-08
TAL,2026-03,2026-03-31,GBP,3106747,23293572,1.25,413,2026-04-08
VEL,2026-03,2026-03-31,EUR,3447557,38943289,0.69,228,2026-04-08
NIM,2026-03,2026-03-31,GBP,1900737,21383230,0.4,141,2026-04-09
BRV,2026-03,2026-03-31,SEK,39528788,396488198,0.0122,239,2026-04-10
KOR,2026-03,2026-03-31,EUR,2420315,27451250,0.65,171,2026-04-10
LUM,2026-03,2026-03-31,GBP,4909355,51613646,0.84,346,2026-04-10
CAS,2026-04,2026-04-30,USD,10948151,122109502,0.91,734,2026-05-06
BRV,2026-04,2026-04-30,SEK,39224918,401971412,0.0088,242,2026-05-08
LUM,2026-04,2026-04-30,GBP,4658657,51932964,0.67,346,2026-05-08
NIM,2026-04,2026-04-30,GBP,1930527,21796238,0.43,144,2026-05-08
KOR,2026-04,2026-04-30,EUR,2529860,28357215,0.73,175,2026-05-09
VEL,2026-04,2026-04-30,EUR,3492856,39557820,0.55,231,2026-05-09
ORQ,2026-04,2026-04-30,EUR,7159401,75857850,1.03,568,2026-05-10
TAL,2026-04,2026-04-30,GBP,3016413,23285297,1.37,413,2026-05-10
KOR,2026-05,2026-05-31,EUR,2544805,29493593,0.66,179,2026-06-06
KOR,2026-05,2026-05-31,EUR,2544805,29493593,0.66,179,2026-06-06
ORQ,2026-05,2026-05-31,EUR,7203305,76873568,0.85,572,2026-06-07
CAS,2026-05,2026-05-31,USD,11327251,122988633,0.97,734,2026-06-08
LUM,2026-05,2026-05-31,GBP,4702366,52766275,1.17,346,2026-06-08
TAL,2026-05,2026-05-31,GBP,3065052,23260065,1.2,413,2026-06-08
NIM,2026-05,2026-05-31,GBP,1903851,22267719,0.34,147,2026-06-09
BRV,2026-05,2026-05-31,SEK,38495343,405802985,0.0117,242,2026-06-10
VEL,2026-05,2026-05-31,EUR,3587859,40527327,0.5,234,2026-06-10
CAS,2026-06,2026-06-30,USD,11410555,124358891,0.62,734,2026-07-06
KOR,2026-06,2026-06-30,EUR,2493707,30229484,0.54,182,2026-07-06
NIM,2026-06,2026-06-30,GBP,1931602,22789189,0.49,149,2026-07-08
ORQ,2026-06,2026-06-30,EUR,7215544,76730632,1.18,573,2026-07-08
TAL,2026-06,2026-06-30,GBP,3141703,23656035,1.35,413,2026-07-08
BRV,2026-06,2026-06-30,SEK,37479601,411559208,0.0072,245,2026-07-09
LUM,2026-06,2026-06-30,GBP,4754315,53140220,0.86,351,2026-07-09
VEL,2026-06,2026-06-30,EUR,3622419,41333462,0.88,237,2026-07-09
LUM,2026-01,2026-01-31,GBP,4071121,48991062,0.5,337,2026-07-15
LUM,2026-02,2026-02-28,GBP,4403912,49919852,0.78,342,2026-07-15
LUM,2026-03,2026-03-31,GBP,4614794,50839441,0.84,346,2026-07-15
CAS,2026-07,2026-07-31,USD,11359658,126272290,0.86,747,2026-08-06
VEL,2026-07,2026-07-31,EUR,3765818,42057041,0.42,237,2026-08-06
BRV,2026-07,2026-07-31,SEK,39059252,414196872,0.0102,247,2026-08-07
NIM,2026-07,2026-07-31,GBP,1970612,23268378,0.64,149,2026-08-07
ORQ,2026-07,2026-07-31,EUR,7642651,78156500,0.97,577,2026-08-07
TAL,2026-07,2026-07-31,GBP,3065105,24174709,1.56,418,2026-08-07
KOR,2026-07,2026-07-31,EUR,2705390,31167258,0.6,185,2026-08-08
LUM,2026-07,2026-07-31,GBP,4863694,53169523,0.76,351,2026-08-08
TAL,2026-08,2026-08-31,GBP,3045960,24204625,1.45,418,2026-09-06
LUM,2026-08,2026-08-31,GBP,4674373,53973914,0.76,356,2026-09-07
KOR,2026-08,2026-08-31,EUR,2719003,32377375,0.55,189,2026-09-08
VEL,2026-08,2026-08-31,EUR,3645711,42603164,0.53,241,2026-09-08
BRV,2026-08,2026-08-31,SEK,37684454,422860380,0.0095,247,2026-09-09
CAS,2026-08,2026-08-31,USD,11532931,128011654,0.79,756,2026-09-09
NIM,2026-08,2026-08-31,GBP,1963465,23851778,0.47,152,2026-09-10
